<?xml version="1.0" encoding="UTF-8"?>
<project-private xmlns="http://www.netbeans.org/ns/project-private/1">
    <editor-bookmarks xmlns="http://www.netbeans.org/ns/editor-bookmarks/2" lastBookmarkId="0"/>
    <open-files xmlns="http://www.netbeans.org/ns/projectui-open-files/2">
        <group>
            <file>file:/C:/Users/tanar/Documents/NetBeansProjects/eSzF2/1202/HengerProgram/src/hengerprogram/Program.java</file>
            <file>file:/C:/Users/tanar/Documents/NetBeansProjects/eSzF2/1202/HengerProgram/src/modell/LyukasHenger.java</file>
            <file>file:/C:/Users/tanar/Documents/NetBeansProjects/eSzF2/1202/HengerProgram/src/modell/Henger.java</file>
            <file>file:/C:/Users/tanar/Documents/NetBeansProjects/eSzF2/1202/HengerProgram/src/modell/TomorHenger.java</file>
        </group>
    </open-files>
</project-private>
